114,X,X,X,X,X,X,X,X,X,X,X
523,X,X,X,X,X,X,X,,X,X,X
542,X,X,X,X,X,X,X,X,X,X,X
547,X,,X,X,X,X,X,X,X,X,X
548,X,X,X,X,X,X,X,X,X,X,
559,X,X,X,X,X,X,X,X,X,X,X
564,,X,X,X,X,X,X,X,X,X,X
565,X,X,X,X,X,X,X,X,X,X,X
566,X,X,X,X,X,X,X,X,X,X,X
572,X,X,X,X,X,X,X,X,X,X,X
576,X,X,X,X,X,X,X,,X,X,X
578,X,,X,X,X,,X,,,X,X
579,X,X,X,X,X,X,X,X,X,X,X
583,X,X,X,X,X,X,X,X,X,X,X
584,,,X,X,X,X,X,X,X,X,X
586,X,X,X,X,X,X,X,X,X,X,X
401,X,X,X,X,X,X,X,X,X,X,X
402,X,X,X,X,X,X,X,X,X,X,X
411,X,X,X,X,X,X,X,X,X,X,X
412,X,X,X,X,X,X,X,X,X,,X
413,X,X,X,X,X,X,X,X,X,X,X
415,X,X,X,X,X,X,X,X,X,X,X
416,X,X,X,X,X,X,X,X,X,X,X
417,X,X,X,X,X,X,X,X,X,X,X
418,X,X,X,X,X,X,X,X,X,X,X
419,X,X,X,X,X,X,X,X,X,X,X
420,X,X,X,X,X,X,X,X,X,X,X
421,X,X,X,X,X,X,X,X,X,X,X
422,X,X,X,X,X,X,X,X,X,X,X
424,X,X,X,X,X,X,X,X,X,X,
425,X,X,X,X,X,X,X,X,X,X,X
426,X,X,X,X,X,X,X,X,X,X,X
427,X,X,X,X,X,X,X,X,X,X,X
430,X,X,X,X,X,X,X,X,X,X,X
431,X,X,X,X,X,X,X,X,X,X,X
433,X,X,X,X,X,X,X,X,X,X,X
434,X,X,X,X,X,X,X,X,X,X,X
446,X,,X,X,X,,X,,X,X,X
449,X,X,X,X,X,X,X,X,X,X,X
450,X,X,X,X,X,X,X,X,X,X,X
451,X,X,X,X,X,X,X,X,X,X,X
454,X,X,X,X,X,X,X,,X,X,X
455,X,X,X,X,X,,X,X,X,X,X
458,X,X,X,X,X,X,X,X,X,X,X
460,X,X,X,X,X,X,X,X,X,X,X
461,X,X,X,X,X,X,X,X,X,X,X
463,X,X,X,X,X,X,X,X,X,X,X
